<?xml version="1.0" encoding="UTF-8"?>
<!DOCTYPE properties SYSTEM "http://java.sun.com/dtd/properties.dtd">
<properties>

	<entry key="IMG_76_14">76_14.jpeg</entry>
	<entry key="IMG_808S_HEARTBREAK">808s_&amp;_Heartbreak.png</entry>
	<entry key="IMG_ACCELERATOR">Accelerator.jpg</entry>
	<entry key="IMG_ALCACHOFA">Alcachofa.jpeg</entry>
	<entry key="IMG_AMBER">Amber.png</entry>
	<entry key="IMG_ARE_YOU_SHPONGLED">Are_You_Shpongled.jpg</entry>
	<entry key="IMG_BLACK_SANDS">Black_Sands.png</entry>
	<entry key="IMG_BROWN_ALBUM">Brown_Album.jpg</entry>
	<entry key="IMG_COSMOGRAMMA">Cosmogramma.jpg</entry>
	<entry key="IMG_CROSS">Cross.jpg</entry>
	<entry key="IMG_DISCOVERY">Discovery.png</entry>
	<entry key="IMG_DIVE">Dive.jpg</entry>
	<entry key="IMG_DRUKQS">Drukqs.png</entry>
	<entry key="IMG_E2_E4">e2_-_e4.jpg</entry>
	<entry key="IMG_EINGYA">Eingya.jpeg</entry>
	<entry key="IMG_ENDTRODUCING">Endtroducing.jpg</entry>
	<entry key="IMG_FEED_THE_ANIMALS">Feed_the_Animals.jpg</entry>
	<entry key="IMG_FUCK_BUTTONS">Fuck_Buttons.jpg</entry>
	<entry key="IMG_GALAXY_GARDEN">Galaxy_garden.jpeg</entry>
	<entry key="IMG_IMMUNITY">Immunity.jpg</entry>
	<entry key="IMG_JAMES_BLAKE">James_Blake.jpg</entry>
	<entry key="IMG_KID_A">Kid_A.png</entry>
	<entry key="IMG_LIFEFORMS">Lifeforms.jpg</entry>
	<entry key="IMG_LIFT_YOUR_SKINNY_FISTS_LIKE_ANTENNAS_TO_HEAVEN">Lift_Your_Skinny_Fists_Like_Antennas_to_Heaven.png</entry>
	<entry key="IMG_METAPHORICAL_MUSIC">Metaphorical_Music.jpg</entry>
	<entry key="IMG_MEZZANINE">Mezzanine.png</entry>
	<entry key="IMG_MIDNIGHT_MENU">Midnight_Menu.jpg</entry>
	<entry key="IMG_MUSIC_FOR_AIRPORTS">Music_for_Airports.jpg</entry>
	<entry key="IMG_MUSIC_HAS_THE_RIGHT_TO_CHILDREN">Music_Has_the Right_to_Children.jpeg</entry>
	<entry key="IMG_NEU">Neu!.png</entry>
	<entry key="IMG_NORTHERN_EXPOSURE">Northern_Exposure.jpg</entry>
	<entry key="IMG_RADIOHEAD_OK">OK_Computer.png</entry>
	<entry key="IMG_PHAEDRA">Phaedra.jpg</entry>
	<entry key="IMG_PLANTASIA">Plantasia.jpg</entry>
	<entry key="IMG_PROGRAM_MUSIC">Program_Music.jpg</entry>
	<entry key="IMG_PSYCHIC">Psychic.jpeg</entry>
	<entry key="IMG_ROOMS">Room(s).jpg</entry>
	<entry key="IMG_ROSSZ_CSILLAG_ALATT_SZULETETT">Rossz_Csillag_Alatt_Született.jpg</entry>
	<entry key="IMG_SELECTED_AMBIENT_WORKS">Selected_Ambient_Works.png</entry>
	<entry key="IMG_SILENT_SHOUT">Silent_Shout.png</entry>
	<entry key="IMG_SINCE_I_LEFT_YOU">Since_I_Left_You.jpg</entry>
	<entry key="IMG_SPACE_IS_ONLY_NOISE">Space_is_Only_Noise.png</entry>
	<entry key="IMG_THE_ORBS_ADVENTURES_BEYOND_THE_ULTRAWORLD">The_Orb's_Adventures_Beyond_the_Ultraworld.jpg</entry>
	<entry key="IMG_THE_PLATEAUX_OF_MIRROR">The_Plateaux_of_Mirror.jpg</entry>
	<entry key="IMG_TIMELESS">Timeless.jpg</entry>
	<entry key="IMG_TIMEWIND">Timewind.jpg</entry>
	<entry key="IMG_UNTRUE">Untrue.jpg</entry>
	<entry key="APP_ICON">electronic_music_icon.jpg</entry>
</properties>
